2/27/15,代码,名称,最新,涨跌,涨幅,买一价,卖一价,外盘,内盘,总额,总手,交易单位,流通市值,总市值,市盈率,最低,均价
1,000001,平安银行,13.99,-0.08,-0.57%,13.98,13.99,401821,391749,111515,793570,100,13761561,15983428,7.66③,13.96,14.05
2,000002,万  科Ａ,12.75,-0.1,-0.78%,12.75,12.76,608543,637776,159468,1246319,100,12334289,14046759,16.32③,12.69,12.8
3,000006,深振业Ａ,6.57,-0.03,-0.45%,6.57,6.58,118625,134807,16828,253432,100,879656,886947,27.76③,6.55,6.64
4,000009,中国宝安,15.16,0.22,1.47%,15.15,15.16,313699,286901,90901,600600,100,2258338,2281938,65.68③,14.88,15.14
5,000012,南  玻Ａ,9.14,-0.09,-0.98%,9.14,9.15,106791,172218,25585,279009,100,1190731,1896857,19.04③,9.13,9.17
6,000021,深科技  ,9.03,0.12,1.35%,9.03,9.04,196431,186873,34598,383304,100,1327242,1328547,72.67③,8.85,9.03
7,000024,招商地产,25.63,0.14,0.55%,25.62,25.63,205870,209947,107476,415817,100,2630387,6602162,22.09③,25.22,25.85
8,000027,深圳能源,10.75,0,0.00%,10.74,10.75,68716,79170,15909,147886,100,1030226,2841219,13.83③,10.68,10.76
9,000028,国药一致,50.4,-0.39,-0.77%,50.39,50.4,8989,10042,9614,19031,100,1175640,1827665,25.25③,50.3,50.52
10,000031,中粮地产,8.99,-0.12,-1.32%,8.99,9,200556,277493,42984,478049,100,1630534,1630545,74.92③,8.88,8.99
11,000039,中集集团,20.04,-0.1,-0.50%,20.03,20.04,61163,74644,27199,135807,100,2488371,5355948,24.70③,19.9,20.03
12,000043,中航地产,8.65,-0.1,-1.14%,8.65,8.66,36031,56415,8049,92446,100,576922,576922,-62.99③,8.62,8.71
13,000046,泛海控股,14.06,-0.14,-0.99%,14.06,14.07,228812,236131,66683,464943,100,6390176,6407581,133.99③,13.91,14.34
14,000049,德赛电池,37.99,0.21,0.56%,37.98,37.99,24590,23069,18057,47659,100,779721,779721,40.57③,37.5,37.89
15,000050,深天马Ａ,22.7,0.34,1.52%,22.69,22.7,70293,78401,33589,148694,100,1303481,2569046,42.48③,22.17,22.59
16,000059,华锦股份,9.17,-0.03,-0.33%,9.16,9.17,89218,123409,19586,212627,100,1100859,1100864,-8.39③,9.12,9.21
17,000060,中金岭南,10.57,-0.12,-1.12%,10.57,10.58,181456,178974,38365,360430,100,2178519,2180529,39.64③,10.5,10.64
18,000061,农 产 品,13.51,0.02,0.15%,13.51,13.52,146991,141096,38687,288087,100,2169297,2292599,287.04③,13.22,13.43
19,000063,中兴通讯,20.56,0.56,2.80%,20.55,20.56,554926,484376,213726,1039302,100,5759453,7067584,29.09③,20.06,20.56
20,000069,华侨城Ａ,,,,,,,,,,100,2452622,5729818,15.27③,,7.88
21,000089,深圳机场,6.27,-0.03,-0.48%,6.26,6.27,75085,77841,9648,152926,100,1060691,1060751,41.47③,6.23,6.31
22,000100,TCL 集团,5.02,0.33,7.04%,5.02,5.03,2877919,2038784,239072,4916703,100,4084364,4745112,15.34③,4.62,4.86
23,000157,中联重科,6.26,-0.07,-1.11%,6.25,6.26,462009,608744,67107,1070753,100,3919494,4823927,36.12③,6.23,6.27
24,000338,潍柴动力,26.89,-0.26,-0.96%,26.89,26.9,65947,95685,43628,161632,100,2611151,5376144,9.08③,26.81,26.99
25,000400,许继电气,24.57,0.54,2.25%,24.56,24.57,192297,159769,86374,352066,100,1460276,2477460,31.12③,23.95,24.53
26,000401,冀东水泥,11.97,-0.1,-0.83%,11.97,11.98,42510,58987,12173,101497,100,1451164,1612985,598.50③,11.89,11.99
27,000402,金 融 街,10.09,-0.13,-1.27%,10.08,10.09,152251,183549,34145,335800,100,3051613,3054324,39.83③,10.03,10.17
28,000417,合肥百货,8.23,0.24,3.00%,8.22,8.23,193084,129805,26167,322889,100,640786,641845,16.66③,7.95,8.1
29,000422,湖北宜化,7.36,0,0.00%,7.35,7.36,82402,89562,12645,171964,100,643076,660830,276.00③,7.3,7.35
30,000423,东阿阿胶,38.19,-0.04,-0.10%,38.18,38.19,41269,52079,35810,93348,100,2496761,2497708,20.29③,38.16,38.36
31,000425,徐工机械,13.5,-0.21,-1.53%,13.5,13.51,364856,442090,109302,806946,100,2775094,2784734,24.11③,13.37,13.55
32,000426,兴业矿业,,,,,,,,,,100,550314,713349,31.00③,,11.95
33,000501,鄂武商Ａ,17.03,0.1,0.59%,17.01,17.03,17934,19416,6343,37350,100,863735,863844,13.30③,16.77,16.98
34,000503,海虹控股,42.28,1.58,3.88%,42.26,42.28,82575,58165,58726,140740,100,3796426,3800220,11744.44③,40.59,41.73
35,000506,中润资源,5.82,0.02,0.34%,5.81,5.82,229858,252548,27905,482406,100,540102,540688,-27.47③,5.75,5.78
36,000511,烯碳新材,9.29,-0.03,-0.32%,9.29,9.3,199941,228529,39923,428470,100,1072830,1072839,348.38③,9.24,9.32
37,000513,丽珠集团,50.53,0.91,1.83%,50.53,50.54,14275,10788,12695,25063,100,897762,1494283,26.50③,49.46,50.65
38,000528,柳    工,11.35,-0.15,-1.30%,11.34,11.35,277131,311202,67332,588333,100,1276975,1277150,53.37③,11.25,11.44
39,000537,广宇发展,9.09,-0.08,-0.87%,9.08,9.09,76194,92379,15249,168573,100,466057,466060,14.20③,8.97,9.05
40,000538,云南白药,62.28,0.34,0.55%,62.28,62.3,25922,25686,32156,51608,100,6485623,6485837,24.98③,61.46,62.31
41,000539,粤电力Ａ,7.02,0.02,0.29%,7.01,7.02,79695,73872,10795,153567,100,1493639,3071416,9.12③,6.96,7.03
42,000540,中天城投,18.09,0.3,1.69%,18.08,18.09,238179,216915,81848,455094,100,2314883,2329218,13.45③,17.6,17.98
43,000550,江铃汽车,39.71,0.23,0.58%,39.71,39.78,6513,3892,4151,10405,100,2054564,3427823,16.83③,39.02,39.9
44,000551,创元科技,10.54,0.06,0.57%,10.53,10.54,72073,72346,15215,144419,100,421685,421685,87.83③,10.43,10.54
45,000552,靖远煤电,9.75,0,0.00%,9.75,9.76,24891,29259,5280,54150,100,345271,700919,19.31③,9.69,9.75
46,000559,万向钱潮,13.91,-0.14,-1.00%,13.91,13.92,243222,275049,72182,518271,100,2654377,2659476,38.93③,13.75,13.93
47,000562,宏源证券,,,,,,,,,,100,,,36.19③,,14.96
48,000563,陕国投Ａ,12.3,-0.2,-1.60%,12.29,12.3,108793,135897,30279,244690,100,925781,1494041,45.90③,12.27,12.37
49,000568,泸州老窖,20.36,-0.03,-0.15%,20.36,20.37,98134,105669,42152,203803,100,2850860,2854986,17.18③,20.35,20.68
50,000572,海马汽车,5.58,0.07,1.27%,5.57,5.58,435785,295039,40786,730824,100,916104,917707,43.59③,5.49,5.58
51,000581,威孚高科,29.77,-0.02,-0.07%,29.78,29.79,32012,47801,23833,79813,100,2019845,3037139,18.45③,29.7,29.86
52,000592,平潭发展,20.7,-0.1,-0.48%,20.69,20.7,72924,67951,29009,140875,100,1732491,1754133,263.58③,20.36,20.59
53,000596,古井贡酒,31.52,0.38,1.22%,31.51,31.52,23124,20445,13705,43569,100,1209104,1587347,25.98③,31.13,31.46
54,000598,兴蓉投资,7.76,-0.03,-0.39%,7.76,7.77,345143,343687,53339,688830,100,1342878,2317306,25.30③,7.69,7.74
55,000616,海航投资,,,,,,,,,,100,682218,682222,27.52③,,4.77
56,000623,吉林敖东,32.66,0.08,0.25%,32.66,32.67,99818,106166,67621,205984,100,2577007,2921236,23.97③,32.49,32.83
57,000625,长安汽车,21.52,-0.1,-0.46%,21.52,21.53,85130,75545,34674,160675,100,7289943,10034531,13.79③,21.43,21.58
58,000629,攀钢钒钛,3.16,0.01,0.32%,3.15,3.16,470915,471204,29807,942119,100,1506466,2714360,32.96③,3.13,3.16
59,000630,铜陵有色,15.6,0.18,1.17%,15.59,15.6,185688,173093,55399,358781,100,2217541,2982921,55.71③,15.1,15.44
60,000631,顺发恒业,6.66,0,0.00%,6.65,6.66,39797,41971,5437,81768,100,696310,696310,21.72③,6.59,6.65
61,000650,仁和药业,9.99,-0.07,-0.70%,9.99,10,110826,141266,25097,252092,100,989420,989681,37.07③,9.88,9.96
62,000651,格力电器,40.53,-0.39,-0.95%,40.52,40.53,125897,147704,111434,273601,100,12103115,12190878,9.30③,40.4,40.73
63,000655,金岭矿业,11.96,1.09,10.03%,11.96,,168986,138692,36141,307678,100,712027,712027,35.88③,10.82,11.75
64,000661,长春高新,97.7,2.09,2.19%,97.7,97.78,9479,7945,17043,17424,100,1283033,1283061,56.80③,95.26,97.82
65,000667,美好集团,2.96,-0.01,-0.34%,2.95,2.96,250053,218039,13826,468092,100,757639,757639,222.00③,2.93,2.95
66,000671,阳 光 城,16.94,-0.22,-1.28%,16.93,16.94,23501,27299,8619,50800,100,1750136,2170112,19.85③,16.64,16.97
67,000680,山推股份,7.62,0.12,1.60%,7.62,7.63,825090,784688,124036,1609778,100,727568,945480,186.16③,7.59,7.71
68,000685,中山公用,23.12,-0.32,-1.37%,23.12,23.13,37923,57670,22247,95593,100,1514488,1800316,27.09③,23.11,23.27
69,000686,东北证券,17.65,0.04,0.23%,17.65,17.66,303813,297552,106700,601365,100,2981935,3454398,42.70③,17.5,17.74
70,000690,宝新能源,6.34,0.05,0.79%,6.34,6.35,143309,175669,20067,318978,100,1085824,1094672,9.91③,6.22,6.29
71,000709,河北钢铁,3.53,0.03,0.86%,3.53,3.54,563911,587238,40674,1151149,100,1796552,3748369,56.33③,3.48,3.53
72,000718,苏宁环球,6.51,-0.03,-0.46%,6.5,6.51,70976,94452,10750,165428,100,956871,1330118,271.25③,6.46,6.5
73,000725,京东方Ａ,3.16,0.07,2.27%,3.15,3.16,2515221,1602966,128516,4118187,100,3635815,11151526,32.92③,3.06,3.12
74,000728,国元证券,34.2,-0.32,-0.93%,34.2,34.21,341693,331931,232243,673624,100,6717222,6717222,53.44③,34.02,34.48
75,000729,燕京啤酒,8.43,-0.04,-0.47%,8.42,8.43,43940,66213,9321,110153,100,2107027,2367668,19.39③,8.4,8.46
76,000735,罗 牛 山,7.85,0.02,0.26%,7.85,7.86,117827,93119,16504,210946,100,690865,690904,94.05③,7.77,7.82
77,000737,南风化工,5.6,0,0.00%,5.59,5.6,52833,54689,6003,107522,100,307290,307306,-15.07③,5.54,5.58
78,000750,国海证券,17.13,-0.17,-0.98%,17.12,17.13,362150,391566,129595,753716,100,3457196,3957649,64.24③,16.98,17.19
79,000758,中色股份,15.73,-0.06,-0.38%,15.72,15.73,113396,128556,38172,241952,100,1418156,1548916,163.85③,15.63,15.78
80,000762,西藏矿业,14.36,-0.12,-0.83%,14.36,14.37,35271,56863,13215,92134,100,683500,683500,-401.87③,14.26,14.34
81,000768,中航飞机,27.03,0.91,3.48%,27.03,27.04,500950,455171,261525,956121,100,6324486,7173314,1158.43③,26,27.35
82,000776,广发证券,23.64,-0.2,-0.84%,23.64,23.65,340789,407769,178486,748558,100,13993204,13993204,34.76③,23.55,23.84
83,000778,新兴铸管,5.61,-0.04,-0.71%,5.61,5.62,268914,301568,32060,570482,100,2043215,2043895,22.85③,5.58,5.62
84,000780,平庄能源,5.97,0.02,0.34%,5.97,5.98,51819,42896,5621,94715,100,605541,605541,-995.00③,5.87,5.93
85,000783,长江证券,14.67,-0.17,-1.15%,14.67,14.68,538793,579761,165493,1118554,100,6957053,6957200,42.32③,14.62,14.8
86,000786,北新建材,24.02,-0.13,-0.54%,24.02,24.03,31960,36782,16537,68742,100,1381373,1698192,14.54③,23.82,24.06
87,000789,万年青  ,13.4,-0.02,-0.15%,13.38,13.4,29020,45230,9919,74250,100,547909,547939,10.96③,13.29,13.36
88,000792,盐湖股份,26.42,-0.04,-0.15%,26.42,26.43,42780,52617,25224,95397,100,1830585,4202126,48.27③,26.26,26.44
89,000793,华闻传媒,14.85,0.2,1.37%,14.84,14.85,426777,351985,115328,778762,100,2018594,2734972,25.35③,14.35,14.81
90,000799,酒 鬼 酒,15.11,0.07,0.47%,15.1,15.11,36257,39141,11402,75398,100,338769,490968,-48.43③,14.97,15.12
91,000800,一汽轿车,18.57,0.17,0.92%,18.56,18.57,89770,79917,31516,169687,100,2621627,3022268,92.05③,18.19,18.57
92,000807,云铝股份,7.5,0.21,2.88%,7.49,7.5,374189,332220,52975,706409,100,1154305,1154380,-29.76③,7.29,7.5
93,000811,烟台冰轮,12.7,-0.1,-0.78%,12.7,12.71,41241,56192,12418,97433,100,501058,501139,38.10③,12.66,12.75
94,000816,江淮动力,7.62,-0.02,-0.26%,7.61,7.62,242351,323806,43111,566157,100,829648,1081128,172.66③,7.55,7.61
95,000823,超声电子,12.1,0.08,0.67%,12.09,12.1,62078,65238,15355,127316,100,532815,649729,37.48③,12,12.06
96,000826,桑德环境,27.88,-0.04,-0.14%,27.88,27.89,75526,89593,46023,165119,100,2267294,2352003,34.39③,27.7,27.87
97,000830,鲁西化工,5.62,-0.01,-0.18%,5.62,5.63,181140,184540,20692,365680,100,822757,823252,20.46③,5.6,5.66
98,000839,中信国安,15.15,0.3,2.02%,15.14,15.15,261056,248814,77507,509870,100,2374918,2375415,188.12③,14.8,15.2
99,000848,承德露露,21.11,-0.13,-0.61%,21.1,21.11,33568,59378,19649,92946,100,1058972,1059357,23.28③,20.97,21.14
100,000858,五 粮 液,21.38,0.16,0.75%,21.38,21.39,248956,222072,100978,471028,100,8114918,8115777,12.93③,21.26,21.44
101,000860,顺鑫农业,21.1,0.18,0.86%,21.09,21.1,37918,40229,16420,78147,100,925288,1203945,27.04③,20.81,21.01
102,000869,张  裕Ａ,34.6,0.3,0.87%,34.59,34.6,12356,10690,7977,23046,100,1568974,2371705,22.18③,34.3,34.61
103,000876,新 希 望,15.75,-0.1,-0.63%,15.75,15.76,111096,106431,34318,217527,100,1691754,3282485,13.27③,15.68,15.78
104,000877,天山股份,9.5,0.04,0.42%,9.49,9.5,130242,137373,25534,267615,100,836019,836096,20.42③,9.43,9.54
105,000878,云南铜业,13.67,-0.01,-0.07%,13.66,13.67,97252,103310,27467,200562,100,1936208,1936217,146.46③,13.48,13.7
106,000887,中鼎股份,17.63,0.15,0.86%,17.63,17.64,37739,38925,13471,76664,100,1964833,1966614,32.33③,17.28,17.57
107,000895,双汇发展,32.51,0.08,0.25%,32.51,32.52,37100,45251,26804,82351,100,3939331,7154080,16.97③,32.4,32.55
108,000898,鞍钢股份,5.52,0.04,0.73%,5.51,5.52,235890,175135,22656,411025,100,3394213,3993614,32.34③,5.45,5.51
109,000917,电广传媒,20.36,0.16,0.79%,20.35,20.36,523091,487916,208283,1011007,100,1426193,2886145,66.39③,20.03,20.6
110,000926,福星股份,10.6,0.02,0.19%,10.59,10.6,72395,72278,15350,144673,100,560252,755097,9.81③,10.55,10.61
111,000927,一汽夏利,6.85,0.01,0.15%,6.84,6.85,71377,66657,9347,138034,100,1092692,1092694,-11.79③,6.7,6.77
112,000930,中粮生化,8.99,0.31,3.57%,8.99,9,271492,285414,48855,556906,100,867006,867006,198.31③,8.61,8.77
113,000933,神火股份,5.67,0.02,0.35%,5.66,5.67,105742,55453,9147,161195,100,1062360,1077584,-22.99③,5.61,5.67
114,000937,冀中能源,7.87,-0.06,-0.76%,7.87,7.88,166156,151271,25117,317427,100,1726503,2139155,347.21③,7.83,7.91
115,000939,凯迪电力,12.38,0.05,0.41%,12.38,12.39,49729,51105,12452,100834,100,1164125,1167816,66.32③,12.29,12.35
116,000960,锡业股份,18.96,0.16,0.85%,18.96,18.97,96281,85911,34440,182192,100,2182714,2182714,73.22③,18.56,18.9
117,000961,中南建设,13.52,0.07,0.52%,13.52,13.53,48914,50866,13473,99780,100,1573546,1578919,19.13③,13.35,13.5
118,000962,东方钽业,11.95,-0.09,-0.75%,11.94,11.95,42287,46671,10661,88958,100,526793,526795,-27.01③,11.88,11.98
119,000963,华东医药,53.37,-0.01,-0.02%,53.37,53.39,15095,15767,16383,30862,100,2316494,2316578,31.67③,52.8,53.09
120,000968,煤 气 化,,,,,,,,,,100,465969,465969,-6.66③,,9.07
121,000969,安泰科技,,,,,,,,,,100,808452,810166,1020.65③,,9.39
122,000970,中科三环,18.6,-0.01,-0.05%,18.6,18.61,122141,116645,44707,238786,100,1981272,1981272,63.41③,18.5,18.72
123,000975,银泰资源,19.06,1.23,6.90%,19.05,19.06,77255,41918,22033,119173,100,1175088,2069096,87.48③,17.82,18.49
124,000983,西山煤电,7.68,-0.01,-0.13%,7.67,7.68,213045,275438,37802,488483,100,2420099,2420122,52.99③,7.61,7.74
125,000989,九 芝 堂,,,,,,,,,,100,601163,601163,38.85③,,20.2
126,000998,隆平高科,20.16,0.09,0.45%,20.16,20.17,110073,119485,46023,229558,100,1675772,2008138,129.79③,19.86,20.05
127,000999,华润三九,24.49,0.33,1.37%,24.49,24.5,43513,36437,19512,79950,100,2394491,2397326,22.68③,24.16,24.41
128,002001,新 和 成,15.25,-0.04,-0.26%,15.24,15.25,49058,53775,15677,102833,100,1636345,1660602,17.60③,15.18,15.25
129,002005,德豪润达,8.62,-0.08,-0.92%,8.61,8.62,125371,170963,25541,296334,100,1003977,1203697,122.91③,8.58,8.62
130,002006,*ST精功 ,,,,,,,,,,100,382182,398265,-93.75③,,8.75
131,002007,华兰生物,35.52,-0.45,-1.25%,35.52,35.53,32445,55420,31277,87865,100,2050783,2064795,36.62③,35.31,35.6
132,002008,大族激光,18.19,-0.01,-0.05%,18.18,18.19,197105,180513,68999,377618,100,1740048,1920819,27.28③,18.06,18.27
133,002011,盾安环境,11.12,0.46,4.32%,11.11,11.12,338929,326435,72918,665364,100,931863,937891,59.57③,10.6,10.96
134,002024,苏宁云商,11.68,-0.02,-0.17%,11.68,11.69,740395,732155,172889,1472550,100,5770754,8623395,-62.57③,11.55,11.74
135,002029,七 匹 狼,10.82,0.05,0.46%,10.82,10.83,85627,91238,19116,176865,100,817329,817635,27.05③,10.7,10.81
136,002038,双鹭药业,42.41,-0.08,-0.19%,42.41,42.42,24576,30658,23542,55234,100,1600831,1937458,27.37③,42.36,42.62
137,002041,登海种业,33.93,0.18,0.53%,33.92,33.93,17910,17754,12066,35664,100,1117784,1194336,55.79③,33.61,33.83
138,002050,三花股份,15.9,0.21,1.34%,15.89,15.9,39959,31970,11452,71929,100,1206364,1229322,22.93③,15.57,15.92
139,002051,中工国际,28.88,-0.84,-2.83%,28.88,28.89,81584,108462,55082,190046,100,2206853,2234558,23.54③,28.65,28.98
140,002056,横店东磁,25.89,-0.01,-0.04%,25.88,25.89,34387,40476,19410,74863,100,1063600,1063820,30.34③,25.61,25.93
141,002065,东华软件,27.62,-0.07,-0.25%,27.62,27.63,164675,182473,96522,347148,100,3651864,4173761,55.01③,27.2,27.8
142,002067,景兴纸业,3.86,0,0.00%,3.85,3.86,117391,120956,9207,238347,100,370763,422265,289.50③,3.83,3.86
143,002069,獐 子 岛,12.72,0.06,0.47%,12.71,12.72,43528,44726,11216,88254,100,867954,904535,-8.37③,12.58,12.71
144,002073,软控股份,16.05,0.81,5.31%,16.05,16.06,246227,205130,71759,451357,100,993166,1191496,75.23③,15.21,15.9
145,002081,金 螳 螂,28.74,-0.71,-2.41%,28.74,28.75,91924,84715,50466,176639,100,4765271,5064580,28.74③,28.2,28.57
146,002092,中泰化学,8.75,0.15,1.74%,8.74,8.75,184077,134768,27797,318845,100,1087073,1216459,36.26③,8.56,8.72
147,002106,莱宝高科,13.5,-0.11,-0.81%,13.5,13.51,70363,84414,20973,154777,100,908639,952852,267.86③,13.48,13.55
148,002129,中环股份,25.46,0.04,0.16%,25.45,25.46,49627,49878,25247,99505,100,1841653,2657399,166.91③,25.01,25.37
149,002140,东华科技,19.35,0.06,0.31%,19.34,19.35,38198,33715,13883,71913,100,843290,863077,45.82③,19.16,19.31
150,002142,宁波银行,14.7,-0.16,-1.08%,14.7,14.71,212878,221836,64271,434714,100,4222600,4777248,6.93③,14.64,14.78
151,002146,荣盛发展,16.06,-0.16,-0.99%,16.06,16.07,101114,148726,40029,249840,100,2678970,3048406,11.05③,15.89,16.02
152,002152,广电运通,,,,,,,,,,100,1911642,1986157,33.90③,,22.15
153,002154,报 喜 鸟,12.86,0.83,6.90%,12.86,12.88,64205,102057,20012,166262,100,685632,753608,43.84③,11.79,12.04
154,002155,辰州矿业,10.57,0.06,0.57%,10.56,10.57,95570,82029,18741,177599,100,1052862,1053055,79.27③,10.42,10.55
155,002158,汉钟精机,18.43,0.21,1.15%,18.42,18.43,13424,9603,4234,23027,100,486313,486313,24.53③,18.18,18.39
156,002167,东方锆业,15.74,-0.07,-0.44%,15.74,15.75,42755,51974,14971,94729,100,496450,651579,5365.91③,15.68,15.8
157,002191,劲嘉股份,15.97,-0.26,-1.60%,15.97,15.98,52801,105321,25423,158122,100,1025274,1048670,17.88③,15.93,16.08
158,002202,金风科技,14.71,0.12,0.82%,14.71,14.72,213332,228927,65854,442259,100,3145785,3963739,24.88③,14.66,14.89
159,002230,科大讯飞,39.9,-0.64,-1.58%,39.9,39.91,114279,125476,96437,239755,100,2309132,3198962,119.70③,39.63,40.22
160,002233,塔牌集团,10.09,-0.02,-0.20%,10.09,10.1,32215,49803,8281,82018,100,560657,902708,13.71③,10.05,10.1
161,002236,大华股份,27.72,-0.09,-0.32%,27.71,27.72,92615,108284,55852,200899,100,1830199,3244898,33.00③,27.34,27.8
162,002237,恒邦股份,18.6,0.64,3.56%,18.59,18.6,77788,69255,26866,147043,100,744279,846672,26.83③,17.75,18.27
163,002241,歌尔声学,29.75,-0.81,-2.65%,29.74,29.75,113005,143463,76781,256468,100,3598263,4541130,31.88③,29.63,29.94
164,002244,滨江集团,7.99,0.07,0.88%,7.99,8,75804,56065,10537,131869,100,917036,1080248,14.27③,7.91,7.99
165,002250,联化科技,17.75,-0.14,-0.78%,17.74,17.75,16939,32170,8700,49109,100,951062,1448800,28.94③,17.6,17.71
166,002252,上海莱士,53.2,-0.65,-1.21%,53.18,53.2,9094,12648,11573,21742,100,5209344,6482447,149.44③,52.91,53.23
167,002267,陕天然气,14.11,-0.01,-0.07%,14.11,14.12,32723,43290,10774,76013,100,1406910,1569139,32.63③,14.05,14.17
168,002269,美邦服饰,12.15,-0.04,-0.33%,12.15,12.16,45475,52141,11799,97616,100,1221075,1228365,41.42③,11.99,12.09
169,002275,桂林三金,19.27,-0.11,-0.57%,19.25,19.27,10472,20816,6030,31288,100,1010419,1137315,26.28③,19.21,19.27
170,002293,罗莱家纺,28.83,-0.09,-0.31%,28.83,28.88,11111,14276,7278,25387,100,809334,809334,21.84③,28.5,28.67
171,002294,信立泰  ,37.95,-0.2,-0.52%,37.95,37.96,9023,14087,8802,23110,100,1089107,2481019,24.75③,37.85,38.09
172,002299,圣农发展,14.91,-0.13,-0.86%,14.91,14.92,40429,54926,14201,95355,100,1340581,1358152,80.57③,14.75,14.89
173,002304,洋河股份,80.38,1.92,2.45%,80.37,80.38,14364,11746,20851,26110,100,7067486,8652264,16.29③,78.6,79.86
174,002310,东方园林,19.75,-0.28,-1.40%,19.75,19.76,60902,86051,29190,146953,100,902521,1992206,36.13③,19.7,19.86
175,002311,海大集团,14.8,0.49,3.42%,14.79,14.8,78519,48712,18616,127231,100,1481346,1583596,21.76③,14.15,14.63
176,002340,格林美  ,16.29,0.11,0.68%,16.31,16.32,107315,98681,33572,205996,100,1227370,1504936,64.30③,16.05,16.3
177,002353,杰瑞股份,33.95,-0.06,-0.18%,33.94,33.95,74828,101022,59707,175850,100,1800595,3258808,23.36③,33.8,33.95
178,002375,亚厦股份,23.81,0.79,3.43%,23.8,23.81,110756,93272,47654,204028,100,1621909,2120818,21.26③,22.7,23.36
179,002385,大北农  ,,,,,,,,,,100,1706701,2961486,49.94③,,17.98
180,002405,四维图新,29,0.99,3.53%,29,29.07,128925,107379,68356,236304,100,1872354,2005631,217.50③,28,28.93
181,002415,海康威视,29.58,0.13,0.44%,29.55,29.58,83847,85154,50270,169001,100,9319083,11882946,32.87③,29.3,29.75
182,002422,科伦药业,35.56,-0.72,-1.98%,35.56,35.57,32703,49121,29243,81824,100,1261980,2560320,23.19③,35.37,35.74
183,002428,云南锗业,15.74,-0.08,-0.51%,15.74,15.75,97716,125973,35217,223689,100,975921,1028011,72.87③,15.6,15.74
184,002450,康得新  ,35.74,2.45,7.36%,35.73,35.74,141515,120628,90808,262143,100,3386379,3402041,36.22③,32.91,34.64
185,002456,欧菲光  ,22.87,0.49,2.19%,22.86,22.87,166106,152564,72599,318670,100,1648254,2357010,30.63③,22.3,22.78
186,002476,宝莫股份,,,,,,,,,,100,482848,488988,94.07③,,7.99
187,002490,山东墨龙,9.79,-0.01,-0.10%,9.79,9.8,41850,49356,8931,91206,100,259852,781094,734.25③,9.72,9.79
188,002500,山西证券,14.62,-0.17,-1.15%,14.62,14.63,193217,250109,65358,443326,100,3508508,3682376,73.10③,14.58,14.74
189,002556,辉隆股份,13.48,0.02,0.15%,13.47,13.48,75362,94628,22931,169990,100,620006,644883,56.17③,13.36,13.49
190,002570,贝因美  ,17.02,0.03,0.18%,17.01,17.02,124566,102517,38587,227083,100,1734792,1740329,98.19③,16.93,16.99
191,002594,比亚迪  ,50.58,1.3,2.64%,50.57,50.58,202853,165551,182477,368404,100,3503423,11907038,233.59③,48.1,49.53
192,002648,卫星石化,13.14,0.04,0.31%,13.13,13.14,36562,33236,9140,69798,100,262800,1051200,35.20③,12.98,13.09
193,002673,西部证券,37,-0.14,-0.38%,36.99,37,338347,333922,253478,672269,100,2544161,4440000,79.29③,36.65,37.7
194,159901,深100ETF,4.115,0.015,0.37%,4.114,4.115,638204,695129,54750,1333333,100,,,,4.088,4.106
195,159902,中 小 板,3.083,0.024,0.78%,3.075,3.083,287408,284141,17594,571549,100,,,,3.042,3.078
196,159903,深成ETF ,1.232,0.001,0.08%,1.232,1.233,83157,72990,1924,156147,100,,,,1.217,1.232
197,159919,300ETF  ,3.708,-0.013,-0.35%,3.708,3.709,1368184,610080,73518,1978264,100,,,,3.689,3.716
198,159920,恒生ETF ,1.163,-0.001,-0.09%,1.163,1.164,15554,15616,363,31170,100,,,,1.161,1.163
199,300022,吉峰农机,,,,,,,,,,100,329221,367765,-27.84③,,10.29
200,300024,机器人  ,43.84,1.15,2.69%,43.83,43.84,119126,98670,95534,217796,100,2780112,2870871,112.45③,42.99,43.86
201,300027,华谊兄弟,30.59,1.73,5.99%,30.58,30.59,531698,412608,288069,944306,100,2651708,3785951,62.01③,29.1,30.51
202,300070,碧水源  ,36.97,0.22,0.60%,36.96,36.97,42661,52912,34949,95573,100,2393675,3959107,173.30③,36.16,36.57
203,300152,燃控科技,,,,,,,,,,100,381586,381586,79.24③,,16.06
204,300355,蒙草抗旱,16.96,0.1,0.59%,16.96,16.97,55311,50369,17806,105680,100,349110,746905,37.41③,16.7,16.85
205,510010,治理ETF ,1.04,-0.003,-0.29%,1.038,1.042,19031,60678,830,79709,100,,,,1.036,1.041
206,510050,50ETF   ,2.438,-0.012,-0.49%,2.438,2.439,4603524,4045552,211847,8649076,100,,,,2.428,2.449
207,510180,180ETF  ,3.171,-0.008,-0.25%,3.17,3.171,1264543,815059,66043,2079602,100,,,,3.155,3.176
208,510300,300ETF  ,3.559,-0.007,-0.20%,3.559,3.56,5792229,4539559,368329,10331788,100,,,,3.542,3.565
209,510880,红利ETF ,2.503,0,0.00%,2.502,2.503,36433,30129,1665,66562,100,,,,2.49,2.502
210,600000,浦发银行,14.53,-0.09,-0.62%,14.53,14.54,1036254,919815,286121,1956069,100,21682796,27103494,5.84③,14.48,14.63
211,600005,武钢股份,3.89,0.05,1.30%,3.88,3.89,917910,853550,68485,1771460,100,3926481,3926481,38.39③,3.76,3.87
212,600009,上海机场,21.1,-0.33,-1.54%,21.09,21.1,54590,49644,22187,104234,100,2307235,4065883,19.30③,21,21.29
213,600010,包钢股份,5.14,0.05,0.98%,5.13,5.14,2259101,1508806,194516,3767907,100,8091400,8226664,1101.43③,5.05,5.16
214,600011,华能国际,7.7,-0.05,-0.65%,7.7,7.71,187887,200169,30032,388056,100,8085000,10822645,8.13③,7.67,7.74
215,600015,华夏银行,12.02,-0.2,-1.64%,12.02,12.03,524771,725302,151382,1250073,100,7798200,10703382,6.09③,11.99,12.11
216,600016,民生银行,9.23,-0.04,-0.43%,9.23,9.24,877399,911802,165633,1789201,100,25018906,31418600,6.41③,9.2,9.26
217,600019,宝钢股份,6.68,0.06,0.91%,6.68,6.69,829584,628038,97051,1457622,100,10971418,11003112,16.70③,6.55,6.66
218,600022,山东钢铁,2.94,0.01,0.34%,2.94,2.95,237487,214660,13275,452147,100,1570889,1892271,-14.32③,2.91,2.94
219,600027,华电国际,5.84,0,0.00%,5.84,5.85,257028,312226,33390,569254,100,3433953,5143458,8.01③,5.79,5.87
220,600028,中国石化,6.32,0.19,3.10%,6.31,6.32,3969030,3745767,482154,7714797,100,57690324,73814824,10.82③,6.08,6.25
221,600029,南方航空,5.19,0.08,1.57%,5.18,5.19,527660,468019,51651,995679,100,3644756,5095318,29.94③,5.11,5.19
222,600030,中信证券,29.53,-0.4,-1.34%,29.52,29.53,1497367,1621408,928768,3118775,100,28982700,32532932,38.19③,29.48,29.78
223,600031,三一重工,8.52,-0.11,-1.27%,8.51,8.52,658187,623705,109375,1281892,100,6469838,6489262,30.43③,8.45,8.53
224,600036,招商银行,14.7,0.03,0.20%,14.68,14.69,706516,749649,215781,1456165,100,30324550,37073172,6.06③,14.65,14.82
225,600038,中直股份,47.39,0.62,1.33%,47.36,47.38,54747,46559,48678,101306,100,1598702,2793530,86.58③,46.81,48.05
226,600039,四川路桥,5.51,-0.04,-0.72%,5.51,5.52,538504,457954,54830,996458,100,603014,1663873,20.29③,5.45,5.5
227,600048,保利地产,10.19,-0.04,-0.39%,10.18,10.19,671134,700824,140234,1371958,100,10930430,10930430,13.41③,10.08,10.22
228,600050,中国联通,5.65,0.3,5.61%,5.65,5.66,4123105,3476685,421933,7599790,100,11976078,11976078,25.67③,5.24,5.55
229,600058,五矿发展,15.32,0.09,0.59%,15.32,15.33,72117,50572,18755,122689,100,1642167,1642167,69.72③,15.1,15.29
230,600059,古越龙山,8.97,0.04,0.45%,8.96,8.97,63776,64469,11480,128245,100,725246,725246,67.28③,8.91,8.95
231,600060,海信电器,20.2,0.34,1.71%,20.2,20.21,345291,314466,131390,659757,100,2643132,2643132,21.55③,19.16,19.91
232,600062,华润双鹤,24.58,0.52,2.16%,24.56,24.58,77062,56062,32599,133124,100,1405229,1405229,24.53③,24.12,24.49
233,600063,皖维高新,4.74,0.02,0.42%,4.73,4.74,192208,184573,17780,376781,100,709982,709982,43.89③,4.67,4.72
234,600066,宇通客车,27.82,-0.32,-1.14%,27.81,27.84,28032,37676,18314,65708,100,3463213,3534148,23.44③,27.65,27.87
235,600067,冠城大通,7.48,-0.03,-0.40%,7.47,7.48,66932,72390,10434,139322,100,890538,890538,19.34③,7.45,7.49
236,600068,葛洲坝  ,9.69,-0.12,-1.22%,9.69,9.7,1084756,1056707,209830,2141463,100,3379348,4462029,17.64③,9.61,9.8
237,600074,中达股份,6.94,0.2,2.97%,6.94,6.95,157958,135472,20128,293430,100,621811,621811,179.48③,6.72,6.86
238,600077,宋都股份,6.54,0.29,4.64%,6.53,6.54,260100,226331,31148,486431,100,713491,713491,817.50③,6.15,6.4
239,600078,澄星股份,8.32,0.02,0.24%,8.32,8.33,228924,234077,38391,463001,100,551261,551261,153.69③,8.14,8.29
240,600079,人福医药,29.75,0.49,1.67%,29.76,29.77,36139,39725,22236,75864,100,1505114,1573112,35.99③,29.1,29.31
241,600085,同仁堂  ,22.54,-0.02,-0.09%,22.54,22.56,42985,49653,20897,92638,100,2955317,2955317,38.25③,22.4,22.56
242,600086,东方金钰,27.17,-0.21,-0.77%,27.13,27.16,13523,18176,8607,31699,100,957149,957149,84.03③,26.92,27.15
243,600089,特变电工,12.19,-0.05,-0.41%,12.19,12.2,303779,300277,73905,604056,100,3859248,3949723,20.65③,12.16,12.23
244,600094,大名城  ,12.58,0.67,5.63%,12.47,12.5,39095,35700,9007,74795,100,1651549,2530539,258.49③,11.75,12.04
245,600096,云天化  ,12.73,-0.09,-0.70%,12.71,12.72,29622,40989,8952,70611,100,663569,1437317,-6.85③,12.6,12.68
246,600100,同方股份,15.08,0.27,1.82%,15.07,15.08,360090,334581,104296,694671,100,3121864,3314406,201.96③,14.74,15.01
247,600104,上汽集团,24.36,-0.36,-1.46%,24.36,24.38,132110,169548,74223,301658,100,22514540,26858280,9.87③,24.3,24.61
248,600107,美尔雅  ,11.17,0.08,0.72%,11.16,11.17,112773,102859,24420,215632,100,402120,402120,-523.59③,11.1,11.32
249,600108,亚盛集团,9.31,-0.05,-0.53%,9.31,9.32,312869,289425,56142,602294,100,1812578,1812578,75.08③,9.25,9.32
250,600109,国金证券,21,1.21,6.11%,20.99,21,2004252,1494683,732148,3498935,100,5435101,5435101,74.29③,20.2,20.92
251,600111,北方稀土,25.69,0.6,2.39%,25.68,25.69,379921,324215,179714,704136,100,3800758,6222232,117.48③,24.93,25.52
252,600113,浙江东日,11.97,0.25,2.13%,11.97,11.98,75407,52373,15208,127780,100,381364,381364,224.44③,11.67,11.9
253,600115,东方航空,5.47,0.09,1.67%,5.47,5.48,638637,516255,63109,1154892,100,4256871,6932825,25.25③,5.39,5.46
254,600116,三峡水利,17.74,0.62,3.62%,17.72,17.73,123070,117136,41115,240206,100,474604,474604,30.24③,16.7,17.12
255,600118,中国卫星,31.79,1.56,5.16%,31.78,31.79,344600,298715,207501,643315,100,3759133,3759133,132.46③,30.9,32.25
256,600120,浙江东方,25.02,-0.7,-2.72%,25,25.01,65005,70787,33985,135792,100,1264695,1264695,23.46③,24.68,25.03
257,600123,兰花科创,9.58,0.03,0.31%,9.57,9.58,123786,140780,25296,264566,100,1094419,1094419,466.56③,9.45,9.56
258,600125,铁龙物流,8.65,-0.08,-0.92%,8.64,8.65,109792,118486,19722,228278,100,1129276,1129276,31.90③,8.58,8.64
259,600132,重庆啤酒,16.41,-0.08,-0.49%,16.41,16.42,16030,22243,6296,38273,100,794197,794197,37.30③,16.39,16.45
260,600139,西部资源,13.06,0.27,2.11%,13.05,13.06,110460,83872,25206,194332,100,822408,864429,4897.50③,12.71,12.97
261,600141,兴发集团,16.15,-0.17,-1.04%,16.15,16.16,45342,59416,16963,104758,100,657107,857136,13.46③,16.1,16.19
262,600143,金发科技,6.97,0.01,0.14%,6.96,6.97,163241,142108,21249,305349,100,1784320,1784320,29.04③,6.91,6.96
263,600145,*ST国创 ,4.97,0.11,2.26%,4.96,4.97,57311,51185,5370,108496,100,187709,187709,-369.06③,4.85,4.95
264,600146,大元股份,20.06,0.17,0.85%,20.1,20.12,22841,22278,8863,45119,100,401200,401200,-150.45③,19.26,19.64
265,600149,廊坊发展,19.37,0.23,1.20%,19.41,19.43,88083,92023,34495,180106,100,736370,736370,1320.68③,18.83,19.15
266,600150,中国船舶,36.7,0.34,0.94%,36.68,36.7,145031,132047,102841,277078,100,5057692,5057692,272.52③,36.15,37.12
267,600153,建发股份,10.18,-0.02,-0.20%,10.16,10.18,186251,181114,37232,367365,100,2886234,2886234,12.52③,10.04,10.13
268,600157,永泰能源,,,,,,,,,,100,1413098,1657971,31.58③,,4.69
269,600158,中体产业,20.94,0.65,3.20%,20.94,20.95,290561,242723,110778,533284,100,1376795,1766782,200.57③,19.9,20.77
270,600160,巨化股份,7.47,0.06,0.81%,7.47,7.48,237715,214395,33865,452110,100,1352754,1352754,87.54③,7.34,7.49
271,600163,*ST南纸 ,5.09,0.05,0.99%,5.08,5.09,29439,30056,3015,59495,100,367203,367203,-7.53③,5.02,5.07
272,600166,福田汽车,6.39,-0.03,-0.47%,6.38,6.39,145904,188745,21397,334649,100,1621846,1795380,44.79③,6.36,6.39
273,600169,太原重工,7.47,-0.03,-0.40%,7.46,7.47,292172,271295,42393,563467,100,1810694,1810694,700.31③,7.41,7.52
274,600170,上海建工,10.48,-0.1,-0.95%,10.48,10.49,246664,284390,55807,531054,100,1152447,3781024,21.24③,10.37,10.51
275,600177,雅戈尔  ,12.6,-0.06,-0.47%,12.59,12.6,178783,166745,43631,345528,100,2805531,2805531,10.74③,12.49,12.63
276,600179,黑化股份,,,,,,,,,,100,315900,315900,-8.80③,,8.1
277,600185,格力地产,26.71,-0.5,-1.84%,26.58,26.87,30089,51182,21745,81271,100,1542755,1542755,60.70③,26.49,26.76
278,600186,莲花味精,4.87,0,0.00%,4.86,4.87,59855,89241,7237,149096,100,517206,517206,-30.06③,4.83,4.85
279,600188,兖州煤业,13.12,0.08,0.61%,13.12,13.13,83589,83446,21833,167035,100,3883494,6452941,24.76③,12.9,13.07
280,600193,创兴资源,7.63,-0.09,-1.17%,7.65,7.66,30615,56761,6709,87376,100,324560,324560,-54.50③,7.6,7.68
281,600196,复星医药,22.65,-0.03,-0.13%,22.64,22.65,95893,93821,42906,189714,100,4313449,5235800,24.62③,22.49,22.62
282,600197,伊力特  ,12.1,0.13,1.09%,12.08,12.09,39366,31916,8605,71282,100,533610,533610,14.73③,11.97,12.07
283,600199,金种子酒,10.35,0.12,1.17%,10.35,10.36,101749,91590,19978,193339,100,575227,575227,76.70③,10.23,10.33
284,600208,新湖中宝,7.5,-0.15,-1.96%,7.49,7.5,300365,334924,47593,635289,100,4693265,4694143,79.23③,7.42,7.49
285,600209,罗顿发展,10.39,0.3,2.97%,10.4,10.41,190424,150628,34878,341052,100,389934,456133,1298.75③,9.99,10.23
286,600216,浙江医药,10.97,-0.04,-0.36%,10.96,10.97,48391,74812,13525,123203,100,1026906,1026910,25.95③,10.93,10.98
287,600218,全柴动力,13.14,0.21,1.62%,13.14,13.15,54360,44585,12972,98945,100,372388,372388,81.99③,12.87,13.11
288,600219,南山铝业,9.14,-0.16,-1.72%,9.13,9.14,538036,520933,96857,1058969,100,1767835,1767835,23.64③,9.01,9.15
289,600221,海南航空,3.22,0.01,0.31%,3.22,3.23,927542,777634,55164,1705176,100,3803485,3922663,15.58③,3.21,3.24
290,600223,鲁商置业,6.26,0,0.00%,6.25,6.26,29131,41707,4421,70838,100,626606,626606,39.13③,6.19,6.24
291,600225,天津松江,8.01,0.23,2.96%,8.01,8.02,106770,102086,16593,208856,100,495132,501748,-10.90③,7.67,7.94
292,600229,青岛碱业,12.04,-0.03,-0.25%,12.03,12.04,74246,96872,20520,171118,100,476527,476527,69.46③,11.8,11.99
293,600230,沧州大化,12.37,-0.04,-0.32%,12.37,12.38,33531,33912,8366,67443,100,363911,363911,-25.10③,12.3,12.4
294,600239,云南城投,6.97,0.12,1.75%,6.96,6.97,104003,102877,14343,206880,100,573930,573930,-330.85③,6.8,6.93
295,600240,华业地产,10.68,-0.13,-1.20%,10.68,10.69,163093,213287,40411,376380,100,1521103,1521103,24.70③,10.57,10.74
296,600252,中恒集团,16.43,-0.01,-0.06%,16.43,16.44,57147,72726,21353,129873,100,1793741,1793741,18.28③,16.36,16.44
297,600256,广汇能源,8.55,-0.06,-0.70%,8.55,8.56,419725,478841,76985,898566,100,2604375,4464318,21.55③,8.51,8.57
298,600257,大湖股份,7.87,0.03,0.38%,7.87,7.88,143432,136682,22254,280114,100,336088,336088,1639.58③,7.83,7.94
299,600259,广晟有色,55.28,0.28,0.51%,55.26,55.28,33525,28222,33962,61747,100,1378683,1449014,1036.50③,54.15,55
300,600260,凯乐科技,11.26,0.34,3.11%,11.25,11.26,162253,144771,34659,307024,100,594123,594123,49.68③,10.9,11.29
301,600266,北京城建,18.71,-0.21,-1.11%,18.71,18.72,73326,106329,33713,179655,100,1996432,2931932,22.49③,18.6,18.77
302,600267,海正药业,17.95,-0.13,-0.72%,17.94,17.97,57391,67864,22456,125255,100,1507278,1733130,49.86③,17.83,17.93
303,600271,航天信息,40,1,2.56%,39.98,40,82613,82072,65997,164685,100,3693600,3693600,30.61③,39.01,40.07
304,600276,恒瑞医药,40.36,-0.44,-1.08%,40.35,40.38,20681,34495,22335,55176,100,6038838,6070115,40.62③,40.3,40.48
305,600277,亿利能源,8.72,-0.02,-0.23%,8.72,8.73,123123,163027,24964,286150,100,1822122,1822122,36.01③,8.68,8.72
306,600288,大恒科技,16.83,0.15,0.90%,16.84,16.85,76606,59588,22926,136194,100,735134,735134,579.01③,16.65,16.83
307,600293,三峡新材,,,,,,,,,,100,250453,250453,222.55③,,7.27
308,600298,安琪酵母,20.82,0,0.00%,20.8,20.82,21489,21945,9034,43434,100,665998,686295,41.64③,20.63,20.8
309,600300,维维股份,5.5,0,0.00%,5.49,5.5,85824,89034,9620,174858,100,919600,919600,82.50③,5.47,5.5
310,600301,ST南化  ,9.4,-0.16,-1.67%,9.41,9.42,11625,11041,2127,22666,100,221039,221039,-11.60③,9.08,9.38
311,600309,万华化学,21.88,0.36,1.67%,21.88,21.89,128853,100250,50034,229103,100,4731188,4731188,16.92③,21.53,21.84
312,600311,荣华实业,6.66,0.06,0.91%,6.65,6.66,75924,66601,9449,142525,100,443290,443290,-999.00③,6.56,6.63
313,600312,平高电气,19.87,1.01,5.36%,19.88,19.89,277120,209970,95631,487090,100,1627286,2260184,39.86③,18.86,19.63
314,600315,上海家化,38.08,0.07,0.18%,38.04,38.06,29925,30546,23118,60471,100,2516573,2560373,26.44③,37.83,38.23
315,600316,洪都航空,32.6,0.86,2.71%,32.57,32.58,144511,139681,93523,284192,100,2337793,2337793,1116.44③,31.8,32.91
316,600321,国栋建设,3.75,-0.02,-0.53%,3.74,3.75,94160,130246,8414,224406,100,442830,442830,401.79③,3.73,3.75
317,600325,华发股份,13.12,-0.05,-0.38%,13.11,13.13,127585,129224,33694,256809,100,1071964,1071964,29.73③,13,13.12
318,600332,白云山  ,31.2,-0.47,-1.48%,31.22,31.23,51688,68925,37774,120613,100,3234195,4028983,35.24③,31.16,31.32
319,600333,长春燃气,8.3,0,0.00%,8.3,8.31,54978,56646,9280,111624,100,411696,439584,311.25③,8.24,8.31
320,600340,华夏幸福,48.32,-0.48,-0.98%,48.35,48.39,28637,43414,34866,72051,100,6392155,6392155,17.01③,48,48.39
321,600348,阳泉煤业,8.56,0.02,0.23%,8.55,8.56,100139,105864,17607,206003,100,2058680,2058680,35.67③,8.46,8.55
322,600354,敦煌种业,8.66,0.02,0.23%,8.65,8.66,69657,86697,13488,156354,100,387797,387797,-16.71③,8.55,8.63
323,600362,江西铜业,18.07,-0.12,-0.66%,18.08,18.09,128844,124697,45995,253541,100,3749972,6257152,20.23③,17.89,18.14
324,600366,宁波韵升,21.64,-0.11,-0.51%,21.63,21.64,43785,52916,21228,96701,100,1113373,1113373,44.01③,21.5,21.95
325,600369,西南证券,19.37,-0.08,-0.41%,19.36,19.38,210181,211669,82282,421850,100,4498789,5467289,44.02③,19.31,19.51
326,600372,中航电子,28.69,0.67,2.39%,28.68,28.69,143838,144112,83355,287950,100,5047039,5047039,101.31③,28.19,28.95
327,600376,首开股份,10.21,-0.15,-1.45%,10.2,10.22,240983,248972,50136,489955,100,2289095,2289095,14.45③,10.11,10.23
328,600383,金地集团,9.47,0.02,0.21%,9.46,9.47,143586,149860,27747,293446,100,4253416,4253416,71.03③,9.39,9.46
329,600395,盘江股份,11.33,-0.09,-0.79%,11.33,11.34,71482,72336,16388,143818,100,1875174,1875174,37.77③,11.2,11.39
330,600406,国电南瑞,16.31,-0.02,-0.12%,16.3,16.31,249692,278307,86712,527999,100,3597584,3961623,45.31③,16.24,16.42
331,600408,安泰集团,3.61,0.03,0.84%,3.6,3.61,81584,49252,4695,130836,100,363455,363455,-8.73③,3.57,3.59
332,600415,小商品城,14.81,-0.18,-1.20%,14.79,14.82,88228,119414,30791,207642,100,4030700,4030700,92.56③,14.66,14.83
333,600418,江淮汽车,14.51,0.08,0.55%,14.51,14.52,126365,143037,39170,269402,100,1551174,1864399,32.98③,14.28,14.54
334,600425,青松建化,6.21,0,0.00%,6.2,6.21,61669,65693,7883,127362,100,856229,856229,-30.05③,6.15,6.19
335,600426,华鲁恒升,10.87,-0.08,-0.73%,10.86,10.87,80129,94835,19079,174964,100,1036590,1036590,12.50③,10.85,10.9
336,600433,冠豪高新,15.5,-0.02,-0.13%,15.48,15.49,44568,60357,16272,104925,100,1714734,1844934,151.56③,15.38,15.51
337,600435,北方导航,26.6,0.48,1.84%,26.6,26.61,148716,131373,75626,280089,100,1980796,1980796,5250.00③,26.35,27
338,600436,片仔癀  ,100.16,0.29,0.29%,100.11,100.38,4886,5211,10119,10097,100,1611420,1611420,40.39③,99,100.22
339,600449,宁夏建材,11.71,-0.02,-0.17%,11.71,11.72,35361,46358,9554,81719,100,293649,559950,15.14③,11.64,11.69
340,600456,宝钛股份,18.27,0.03,0.16%,18.27,18.28,41967,34178,13997,76145,100,786095,786095,3425.63③,18.23,18.38
341,600458,时代新材,14.63,-0.06,-0.41%,14.63,14.64,52701,57883,16207,110584,100,967661,967661,64.54③,14.52,14.66
342,600467,好当家  ,6.7,-0.03,-0.45%,6.69,6.7,73355,91101,11069,164456,100,482411,489433,167.50③,6.68,6.73
343,600470,六国化工,7.93,0.06,0.76%,7.91,7.92,151981,176254,25951,328235,100,413629,413629,-36.49③,7.75,7.91
344,600478,科力远  ,19.95,-0.07,-0.35%,19.99,20.09,19746,22492,8475,42238,100,942109,942109,-498.75③,19.89,20.06
345,600483,福能股份,10.15,0.03,0.30%,10.15,10.16,12197,18124,3074,30321,100,292811,1277223,14.63③,10.07,10.14
346,600489,中金黄金,11.56,0.07,0.61%,11.56,11.57,255851,233109,56316,488960,100,3402373,3402373,66.69③,11.36,11.52
347,600490,鹏欣资源,13.5,-0.24,-1.75%,13.51,13.52,205861,221094,57569,426955,100,1136025,1996650,282.82③,13.2,13.48
348,600491,龙元建设,9.94,-0.07,-0.70%,9.92,9.93,157970,166497,31979,324467,100,941914,941914,43.85③,9.69,9.86
349,600495,晋西车轴,20.61,-0.34,-1.62%,20.61,20.62,87244,99505,38723,186749,100,1263303,1383379,171.75③,20.54,20.74
350,600497,驰宏锌锗,11.38,-0.07,-0.61%,11.38,11.39,66495,75255,16171,141750,100,1897684,1897684,93.08③,11.29,11.41
351,600498,烽火通信,18.98,1.13,6.33%,18.97,18.99,222609,149124,69635,371733,100,1834805,1834805,37.46③,17.9,18.73
352,600502,安徽水利,13.28,0.21,1.61%,13.29,13.3,218755,217609,56559,436364,100,666563,666563,26.92③,12.74,12.96
353,600503,华丽家族,,,,,,,,,,100,609110,887669,2596.88③,,5.54
354,600515,海岛建设,8.92,0.05,0.56%,8.91,8.92,50681,53311,9221,103992,100,263640,377115,215.81③,8.78,8.87
355,600516,方大炭素,10.97,0.05,0.46%,10.96,10.97,191796,203903,43497,395699,100,1885919,1885919,41.70③,10.87,10.99
356,600518,康美药业,22.63,1.12,5.21%,22.66,22.69,669012,521992,264581,1191004,100,4975691,4975691,24.92③,21.46,22.21
357,600519,贵州茅台,191.05,4.41,2.36%,190.8,191.49,32109,31262,121772,63371,100,21817872,21817872,15.31③,186.8,192.16
358,600528,中铁二局,22.23,2.02,10.00%,22.23,,996512,1034681,439244,2031193,100,3243802,3243802,81.61③,20.65,21.62
359,600535,天士力  ,44.02,-0.51,-1.15%,44.01,44.02,26025,46986,32273,73011,100,4546574,4546574,30.01③,43.9,44.2
360,600543,莫高股份,10.27,0.07,0.69%,10.19,10.25,79914,81273,16419,161187,100,329790,329790,96.28③,10.05,10.19
361,600545,新疆城建,11.49,-0.1,-0.86%,11.49,11.5,138830,150791,33225,289621,100,776478,776478,95.75③,11.39,11.47
362,600546,山煤国际,5.04,-0.01,-0.20%,5.03,5.04,113065,130327,12245,243392,100,999158,999158,94.50③,4.99,5.03
363,600547,山东黄金,25.62,0.59,2.36%,25.63,25.64,146143,139804,72317,285947,100,3645912,3645912,45.75③,24.7,25.29
364,600549,厦门钨业,32.14,-0.03,-0.09%,32.15,32.16,35676,36851,23325,72527,100,2191884,2191884,77.51③,31.78,32.16
365,600557,康缘药业,24.34,-0.05,-0.20%,24.34,24.35,24846,37268,15123,62114,100,896998,1214021,36.44③,24.25,24.35
366,600559,老白干酒,46.03,0.03,0.07%,46.03,46.04,6091,10563,7698,16654,100,644420,644420,107.88③,45.83,46.22
367,600568,中珠控股,15.72,0.01,0.06%,15.71,15.73,16593,23692,6360,40285,100,567408,575708,1144.66③,15.67,15.79
368,600582,天地科技,13.83,-0.06,-0.43%,13.83,13.84,28850,26620,7689,55470,100,1678851,1678851,22.21③,13.7,13.86
369,600583,海油工程,9.69,-0.01,-0.10%,9.68,9.69,396388,345397,71850,741785,100,3923495,4284293,12.32③,9.61,9.69
370,600585,海螺水泥,20.33,-0.15,-0.73%,20.33,20.34,168334,174703,69921,343037,100,8131395,10773482,9.90③,20.25,20.38
371,600588,用友网络,39.83,-0.06,-0.15%,39.82,39.83,127380,135341,104065,262721,100,4584814,4641827,-622.34③,38.82,39.61
372,600598,*ST大荒 ,11.33,-0.09,-0.79%,11.33,11.34,44626,58323,11680,102949,100,2014111,2014111,12.51③,11.28,11.35
373,600600,青岛啤酒,40.06,-0.24,-0.60%,40.06,40.08,15495,21068,14700,36563,100,2787830,5412038,18.63③,40.01,40.2
374,600606,金丰投资,18.33,0.09,0.49%,18.44,18.45,57816,68041,23229,125857,100,950081,950081,-30.76③,18.09,18.46
375,600609,金杯汽车,4.18,-0.04,-0.95%,4.19,4.2,102325,97471,8388,199796,100,456735,456735,-391.87③,4.16,4.2
376,600614,鼎立股份,16.22,-0.16,-0.98%,16.2,16.21,50479,66767,19253,117246,100,724644,1165550,389.90③,16.15,16.42
377,600616,金枫酒业,10.45,0.07,0.67%,10.45,10.46,46445,52709,10341,99154,100,458412,537777,55.98③,10.31,10.43
378,600636,三爱富  ,15.51,-0.05,-0.32%,15.51,15.52,49590,59777,17015,109367,100,592405,592405,233.12③,15.46,15.56
379,600637,百视通  ,42.33,0.14,0.33%,42.32,42.34,73492,68943,60233,142435,100,3536738,4714445,63.74③,41.76,42.29
380,600642,申能股份,7.31,-0.12,-1.62%,7.32,7.33,510634,477401,72841,988035,100,3327540,3327540,17.52③,7.23,7.37
381,600644,乐山电力,9.24,0.1,1.09%,9.23,9.24,50089,54343,9581,104432,100,301668,497482,51.72③,9.08,9.17
382,600645,中源协和,48.81,0.89,1.86%,48.88,49,64765,78505,71348,143270,100,1585653,1720753,254.22③,48.6,49.8
383,600649,城投控股,,,,,,,,,,100,2159980,2159980,15.49③,,7.23
384,600655,豫园商城,13.25,-0.04,-0.30%,13.25,13.26,72291,87821,21287,160112,100,1904452,1904452,24.48③,13.2,13.29
385,600660,福耀玻璃,14.89,-0.17,-1.13%,14.88,14.89,128170,136953,39500,265123,100,2982447,2982447,14.14③,14.7,14.9
386,600664,哈药股份,9.74,0.06,0.62%,9.74,9.75,175843,185372,35187,361215,100,1026001,1867629,43.02③,9.6,9.74
387,600667,太极实业,,,,,,,,,,100,607550,607550,765.00③,,5.1
388,600668,尖峰集团,13.52,-0.06,-0.44%,13.51,13.52,29387,41057,9535,70444,100,464715,465201,14.08③,13.46,13.54
389,600674,川投能源,20.95,0.37,1.80%,20.93,20.94,95495,64715,33453,160210,100,4611243,4611243,11.34③,20.55,20.88
390,600675,中华企业,6.8,0.11,1.64%,6.78,6.79,327489,267298,40065,594787,100,1269600,1269600,62.20③,6.6,6.74
391,600690,青岛海尔,20.44,0,0.00%,20.42,20.45,86923,83878,34780,170801,100,5561389,6193177,10.23③,20.18,20.36
392,600692,亚通股份,11.66,0.01,0.09%,11.66,11.67,44898,50981,11206,95879,100,297342,410157,152.88③,11.53,11.69
393,600694,大商股份,45.99,-0.29,-0.63%,46,46.02,17855,15121,15165,32976,100,1350812,1350812,9.83③,45.6,45.99
394,600696,多伦股份,9.38,-0.01,-0.11%,9.37,9.38,43945,52585,9005,96530,100,319451,319451,-502.50③,9.27,9.33
395,600702,沱牌舍得,19.61,1.31,7.16%,19.61,19.62,87622,65842,29710,153464,100,661445,661445,817.08③,18.35,19.36
396,600703,三安光电,17.24,-0.32,-1.82%,17.23,17.24,199506,230611,74483,430117,100,3734220,4125679,29.39③,17.15,17.32
397,600711,盛屯矿业,9.7,0.88,9.98%,9.7,,921414,986243,175263,1907657,100,776332,1452141,121.25③,8.7,9.19
398,600720,祁连山  ,10.29,-0.07,-0.68%,10.29,10.3,75284,119908,20103,195192,100,798671,798803,9.43③,10.24,10.3
399,600739,辽宁成大,22.54,-0.28,-1.23%,22.55,22.56,151267,159861,70928,311128,100,3076056,3222566,33.95③,22.46,22.8
400,600740,山西焦化,6.8,0.12,1.80%,6.79,6.8,75442,50419,8496,125861,100,446646,520676,189.59③,6.66,6.75
401,600741,华域汽车,18.4,-0.16,-0.86%,18.39,18.4,37011,46343,15350,83354,100,4753088,4753088,10.29③,18.28,18.41
402,600742,一汽富维,31.72,-0.03,-0.09%,31.73,31.74,17260,22015,12419,39275,100,670952,670952,12.65③,31.4,31.62
403,600743,华远地产,4.2,0,0.00%,4.19,4.2,90485,99442,7957,189927,100,763418,763418,19.69③,4.16,4.19
404,600744,华银电力,5.14,0.01,0.19%,5.14,5.15,79262,89513,8590,168775,100,243834,365787,-12.91③,5.05,5.09
405,600747,大连控股,,,,,,,,,,100,679042,934242,-92.02③,,6.38
406,600748,上实发展,12.32,-0.04,-0.32%,12.32,12.33,64273,81984,17926,146257,100,1334713,1334713,13.79③,12.15,12.26
407,600750,江中药业,29.64,0.19,0.65%,29.65,29.67,18657,23933,12459,42590,100,889200,889200,43.61③,28.77,29.25
408,600759,洲际油气,,,,,,,,,,100,1351001,1355551,-991.96③,,11.11
409,600770,综艺股份,12.68,0.21,1.68%,12.68,12.69,168183,148816,39946,316999,100,1400633,1648400,475.50③,12.2,12.6
410,600779,水井坊  ,9.22,0.06,0.66%,9.2,9.21,36711,37710,6866,74421,100,272288,450439,-24.18③,9.13,9.23
411,600787,中储股份,11.82,0.12,1.03%,11.81,11.82,334831,391089,84640,725920,100,1986003,2198317,37.37③,11.44,11.66
412,600795,国电电力,3.86,0,0.00%,3.85,3.86,1496967,1433716,113520,2930683,100,5942528,6650784,9.85③,3.83,3.87
413,600800,天津磁卡,7.76,0.71,10.07%,7.76,,277728,319216,44926,596944,100,473601,474346,-101.39③,7.03,7.53
414,600801,华新水泥,9.74,0.04,0.41%,9.73,9.74,75826,55700,12811,131526,100,866801,1457571,13.53③,9.66,9.74
415,600804,鹏博士  ,,,,,,,,,,100,2190258,2268971,40.77③,,16.31
416,600805,悦达投资,12.72,-0.09,-0.70%,12.71,12.72,68769,118161,23803,186930,100,1080185,1082338,10.82③,12.67,12.73
417,600807,天业股份,10.11,0.02,0.20%,10.11,10.12,71076,61028,13256,132104,100,311274,548028,126.38③,9.8,10.03
418,600809,山西汾酒,20.35,0.16,0.79%,20.34,20.35,51368,39464,18540,90832,100,1762001,1762001,33.18③,20.14,20.41
419,600815,厦工股份,9.24,-0.04,-0.43%,9.23,9.24,65719,91340,14595,157059,100,868292,886088,-63.00③,9.21,9.29
420,600816,安信信托,32.55,-0.38,-1.15%,32.5,32.51,68021,99475,54509,167496,100,1477281,1478127,13.50③,32.32,32.54
421,600820,隧道股份,8.69,-0.1,-1.14%,8.69,8.7,323068,380241,61280,703309,100,1757690,2475349,18.76③,8.62,8.71
422,600823,世茂股份,16.45,0.02,0.12%,16.44,16.45,57529,53043,18065,110572,100,1925629,1925629,18.69③,16.18,16.34
423,600825,新华传媒,12.31,0.17,1.40%,12.3,12.32,117082,132443,30691,249525,100,1286257,1286257,512.92③,12,12.3
424,600827,百联股份,16.96,0.01,0.06%,16.96,16.97,66934,83695,25562,150629,100,2616551,2921353,24.94③,16.87,16.97
425,600832,东方明珠,14.58,-0.02,-0.14%,14.58,14.59,167549,171127,49423,338676,100,4645677,4645677,36.09③,14.47,14.59
426,600837,海通证券,21.76,-0.21,-0.96%,21.76,21.77,982789,958199,427384,1940988,100,17608478,20856354,31.38③,21.67,22.02
427,600839,四川长虹,5.17,0.17,3.40%,5.16,5.17,1108693,800004,98252,1908697,100,2383369,2386599,-56.94③,4.99,5.15
428,600844,丹化科技,7.69,-0.06,-0.77%,7.69,7.7,43995,59831,8013,103826,100,449732,598759,686.61③,7.68,7.72
429,600868,梅雁吉祥,3.86,-0.02,-0.52%,3.85,3.86,134896,234363,14258,369259,100,732685,732685,407.75③,3.84,3.86
430,600875,东方电气,19.47,0.13,0.67%,19.45,19.5,255412,211755,90888,467167,100,3239535,3901515,27.04③,19.25,19.46
431,600880,博瑞传播,12.88,0.16,1.26%,12.88,12.89,295450,237387,68822,532837,100,944574,1408212,48.30③,12.68,12.92
432,600881,亚泰集团,7.7,0.07,0.92%,7.69,7.7,243330,210631,35093,453961,100,1458944,1458944,72.19③,7.59,7.73
433,600886,国投电力,10.45,-0.09,-0.85%,10.44,10.45,417305,505134,96172,922439,100,7091394,7091394,11.46③,10.36,10.43
434,600887,伊利股份,28.24,-0.29,-1.02%,28.23,28.24,156308,186756,97212,343064,100,8494094,8653783,18.26③,28.17,28.34
435,600893,中航动力,32.74,0.8,2.50%,32.67,32.74,141077,128878,88938,269955,100,3556298,6380106,94.44③,32.01,32.95
436,600900,长江电力,10.03,-0.1,-0.99%,10.03,10.04,139816,201134,34355,340950,100,9775179,16549500,13.14③,9.99,10.08
437,600970,中材国际,13.28,0.04,0.30%,13.27,13.28,230920,205485,57628,436405,100,1451899,1451899,22.13③,12.88,13.21
438,600971,恒源煤电,8.11,-0.07,-0.86%,8.1,8.11,44285,61874,8617,106159,100,811003,811003,144.82③,8.04,8.12
439,600987,航民股份,11.32,-0.05,-0.44%,11.33,11.34,50830,82341,14998,133171,100,719171,719171,19.52③,11.16,11.26
440,600999,招商证券,27.81,-0.72,-2.52%,27.81,27.82,419476,486226,255270,905702,100,12962518,16152425,42.58③,27.78,28.18
441,601001,大同煤业,8.01,-0.01,-0.12%,8.01,8.02,51261,59599,8879,110860,100,1340634,1340634,17.67③,7.96,8.01
442,601002,晋亿实业,16.99,-0.08,-0.47%,16.98,17,98974,103334,34535,202308,100,1254661,1346780,75.85③,16.89,17.07
443,601005,重庆钢铁,3.21,0.04,1.26%,3.2,3.21,346715,326549,21432,673264,100,383595,1423963,-6.74③,3.15,3.18
444,601006,大秦铁路,10.67,0.02,0.19%,10.66,10.67,363384,299002,70853,662386,100,15862866,15862866,10.67③,10.58,10.7
445,601009,南京银行,13.04,-0.1,-0.76%,13.03,13.04,265043,223968,64182,489011,100,3871489,3871489,6.99③,13,13.12
446,601038,一拖股份,13.32,0.02,0.15%,13.31,13.32,82085,85287,22251,167372,100,199800,1326539,75.23③,13.1,13.29
447,601088,中国神华,18.6,0.04,0.22%,18.59,18.6,270236,266691,99737,536927,100,30673328,36994692,9.36③,18.4,18.58
448,601099,太平洋  ,12.39,-0.08,-0.64%,12.38,12.39,534255,523380,131825,1057635,100,3073299,4374249,93.86③,12.32,12.46
449,601101,昊华能源,8.06,-0.01,-0.12%,8.06,8.07,52290,53603,8549,105893,100,967199,967199,50.38③,8.01,8.07
450,601111,中国国航,7.9,0.23,3.00%,7.89,7.9,471652,366534,66071,838186,100,6580125,10336954,22.79③,7.72,7.88
451,601117,中国化学,8.43,-0.09,-1.06%,8.43,8.44,445523,442721,74900,888244,100,4158519,4158519,12.16③,8.37,8.43
452,601118,海南橡胶,8.73,0.09,1.04%,8.72,8.73,298632,244189,47104,542821,100,3431913,3431913,3117.86③,8.56,8.68
453,601139,深圳燃气,10.61,0.09,0.86%,10.61,10.62,69115,70602,14737,139717,100,2020766,2101265,27.44③,10.25,10.55
454,601166,兴业银行,14.24,-0.03,-0.21%,14.24,14.25,1164377,1040973,315480,2205350,100,23039774,27130526,5.31③,14.21,14.31
455,601168,西部矿业,8.87,0,0.00%,8.87,8.88,166841,171759,30002,338600,100,2113721,2113721,60.48③,8.78,8.86
456,601169,北京银行,10.44,-0.03,-0.29%,10.43,10.44,440716,427643,91606,868359,100,9362267,11024839,6.58③,10.38,10.55
457,601186,中国铁建,13.67,0.01,0.07%,13.66,13.67,1056621,955580,275763,2012201,100,14027122,16865418,16.81③,13.4,13.7
458,601288,农业银行,3.34,-0.01,-0.30%,3.33,3.34,1965473,2365880,144864,4331353,100,94910616,108481232,5.33③,3.32,3.34
459,601299,中国北车,12.84,-0.14,-1.08%,12.84,12.85,617389,722751,172354,1340140,100,13001892,15741559,27.51③,12.65,12.86
460,601311,骆驼股份,14.77,-0.18,-1.20%,14.77,14.78,53552,62324,17330,115876,100,1247498,1257981,20.14③,14.77,14.96
461,601318,中国平安,70.28,0.41,0.59%,70.29,70.3,480967,473359,673097,954326,100,33639384,55635144,13.18③,69.73,70.53
462,601328,交通银行,6.08,-0.04,-0.65%,6.08,6.09,982043,1052649,124242,2034692,100,19887104,45151736,6.61③,6.05,6.11
463,601333,广深铁路,4.37,0.04,0.92%,4.36,4.37,318167,303480,27070,621647,100,2470028,3095506,35.63③,4.33,4.35
464,601336,新华保险,,,,,,,,,,100,3236808,9174586,10.87③,,29.41
465,601377,兴业证券,14.38,-0.18,-1.24%,14.38,14.39,784635,785454,227984,1570089,100,7130640,7477601,51.36③,14.32,14.52
466,601388,怡球资源,9.65,-0.03,-0.31%,9.65,9.66,23210,35644,5669,58854,100,214752,514345,120.62③,9.58,9.63
467,601390,中国中铁,8.58,-0.06,-0.69%,8.57,8.58,1542150,1583271,269337,3125421,100,14665372,18275314,19.50③,8.5,8.62
468,601398,工商银行,4.58,-0.01,-0.22%,4.56,4.58,1868012,1943550,174725,3811562,100,121240752,160992416,5.45③,4.54,4.58
469,601555,东吴证券,20.87,-0.22,-1.04%,20.86,20.87,330903,345385,141932,676288,100,2549020,5634900,43.48③,20.69,20.99
470,601600,中国铝业,5.41,0.01,0.19%,5.4,5.41,418279,410012,44699,828291,100,5183062,7316748,-10.14③,5.34,5.4
471,601601,中国太保,34.41,-0.47,-1.35%,34.4,34.41,321063,347140,231871,668203,100,21632534,31182344,26.07③,34.3,34.7
472,601607,上海医药,17.78,-0.15,-0.84%,17.77,17.78,133480,163306,52969,296786,100,,,,17.7,17.85
473,601608,中信重工,,,,,,,,,,100,395159,1438500,30.29③,,5.25
474,601618,中国中冶,4.64,0.24,5.45%,4.63,4.64,3342058,2338736,260726,5680794,100,7534896,8867040,26.77③,4.48,4.59
475,601628,中国人寿,37.46,-0.42,-1.11%,37.46,37.47,356832,358299,269702,715131,100,78004944,105879584,28.96③,37.27,37.71
476,601633,长城汽车,48.98,-0.58,-1.17%,48.96,48.98,17888,19610,18396,37498,100,9841272,14901789,20.01③,48.8,49.06
477,601666,平煤股份,5.57,-0.03,-0.54%,5.57,5.58,103332,98507,11265,201839,100,1315169,1315169,114.14③,5.55,5.58
478,601668,中国建筑,6.41,-0.06,-0.93%,6.41,6.42,3547790,3118852,429818,6666642,100,19135914,19230000,8.43③,6.38,6.45
479,601669,中国电建,8.1,0.58,7.71%,8.11,8.12,3468986,3390675,552502,6859661,100,2673000,7776001,17.54③,7.85,8.05
480,601688,华泰证券,22.98,0,0.00%,22.98,22.99,615562,544010,267986,1159572,100,12868800,12868800,36.67③,22.8,23.11
481,601699,潞安环能,10.47,-0.04,-0.38%,10.47,10.48,106841,118382,23642,225223,100,2409235,2409235,28.04③,10.42,10.5
482,601717,郑煤机  ,7.74,-0.06,-0.77%,7.74,7.75,95250,95192,14902,190442,100,1066485,1254748,36.28③,7.72,7.83
483,601766,中国南车,12.12,-0.1,-0.82%,12.12,12.13,730712,693516,172744,1424228,100,12625278,16729235,31.34③,12,12.13
484,601788,光大证券,24.7,-0.22,-0.88%,24.7,24.71,239496,268882,126683,508378,100,8442460,8442460,71.25③,24.61,24.92
485,601789,宁波建工,9.58,-0.01,-0.10%,9.57,9.58,54683,59524,10891,114207,100,419680,467542,25.54③,9.48,9.54
486,601800,中国交建,13.84,0.28,2.06%,13.83,13.84,1663715,1459303,432818,3123018,100,1868034,22385834,17.30③,13.55,13.86
487,601801,皖新传媒,21.15,0.33,1.59%,21.15,21.18,37030,30905,14236,67935,100,1924650,1924650,25.18③,20.41,20.96
488,601808,中海油服,19.2,0.09,0.47%,19.2,19.21,111635,109148,42276,220783,100,5684099,9161457,10.43③,18.91,19.15
489,601818,光大银行,4.11,-0.03,-0.72%,4.1,4.11,1366157,1258521,108161,2624678,100,16362059,19185108,6.16③,4.08,4.12
490,601857,中国石油,11.42,0.08,0.71%,11.42,11.43,1065423,895625,223772,1961048,100,184915024,209009968,16.47③,11.19,11.41
491,601866,中海集运,4.38,0,0.00%,4.38,4.39,283598,317579,26317,601177,100,3474271,5117209,57.83③,4.34,4.38
492,601888,中国国旅,50.45,0.25,0.50%,50.41,50.47,27395,30610,29287,58005,100,4925120,4925120,30.98③,50,50.49
493,601898,中煤能源,6.27,-0.02,-0.32%,6.27,6.28,222135,236326,28839,458461,100,5738305,8313182,94.05③,6.23,6.29
494,601899,紫金矿业,3.55,0.03,0.85%,3.54,3.55,996518,697501,59674,1694019,100,5610351,7684279,29.26③,3.48,3.52
495,601901,方正证券,13.21,-0.21,-1.56%,13.21,13.22,664792,841720,200241,1506512,100,8058100,10874606,43.08③,13.16,13.29
496,601918,国投新集,6.74,0,0.00%,6.73,6.74,384779,338994,48627,723773,100,1746025,1746025,-12.04③,6.62,6.72
497,601928,凤凰传媒,12.16,0.21,1.76%,12.15,12.16,307789,254235,68061,562024,100,801344,3094598,31.45③,11.82,12.11
498,601929,吉视传媒,13.78,0.26,1.92%,13.78,13.79,286464,256073,74406,542537,100,904645,2022750,40.69③,13.31,13.71
499,601939,建设银行,5.69,0.01,0.18%,5.68,5.69,804680,724914,86916,1529594,100,5458791,142256256,5.62③,5.64,5.68
500,601958,金钼股份,10.03,-0.06,-0.59%,10.02,10.04,207045,202505,41062,409550,100,,,,9.79,10.03
501,601988,中国银行,4.11,-0.03,-0.72%,4.11,4.12,4537249,4795211,384389,9332460,100,80520248,114889000,6.56③,4.09,4.12
502,601989,中国重工,8.96,0,0.00%,8.96,8.97,3627482,3167861,620110,6795343,100,13988884,15797949,51.69③,8.91,9.13
503,601991,大唐发电,5.86,0.02,0.34%,5.86,5.87,181178,180560,21291,361738,100,5856695,7799682,15.96③,5.84,5.89
504,601992,金隅股份,9.63,0.21,2.23%,9.62,9.63,252250,203398,43329,455648,100,2996281,4607609,19.01③,9.33,9.51
505,601996,丰林集团,9.24,-0.18,-1.91%,9.23,9.24,72549,92939,15291,165488,100,433275,433275,46.20③,9.15,9.24
506,601998,中信银行,6.77,-0.02,-0.29%,6.77,6.78,433227,357671,53605,790898,100,21599796,31675016,7.36③,6.75,6.78
507,603000,人民网  ,56.83,0.86,1.54%,56.81,56.82,94445,84359,101021,178804,100,1267568,3141821,133.20③,54.87,56.5